{
  "id": "2122627",
  "name": "travel",
  "font_family": "iconfont",
  "css_prefix_text": "icon-",
  "description": "",
  "glyphs": [
    {
      "icon_id": "8835594",
      "name": "图片",
      "font_class": "tupian-xianxing",
      "unicode": "e634",
      "unicode_decimal": 58932
    },
    {
      "icon_id": "781634",
      "name": "下箭头",
      "font_class": "sanjiaodown",
      "unicode": "e6b5",
      "unicode_decimal": 59061
    },
    {
      "icon_id": "6626250",
      "name": "search",
      "font_class": "search",
      "unicode": "e630",
      "unicode_decimal": 58928
    },
    {
      "icon_id": "6682547",
      "name": "返回",
      "font_class": "fanhui",
      "unicode": "e608",
      "unicode_decimal": 58888
    }
  ]
}
